id,res_model
account_account_tag,account.account.tag
account_accounting_report,account.accounting.report
account_aged_partner,account.aged.partner
account_aged_payable,account.aged.payable
account_aged_receivable,account.aged.receivable
account_analytic_account,account.analytic.account
account_analytic_distribution,account.analytic.distribution
account_analytic_report,account.analytic.report
account_assets_report,account.assets.report
account_bank_reconciliation_report,account.bank.reconciliation.report
account_bank_statement_line,account.bank.statement.line
account_cash_flow_report,account.cash.flow.report
account_cashbox_line,account.cashbox.line
account_chart_template,account.chart.template
account_coa_report,account.coa.report
account_consolidated_journal,account.consolidated.journal
account_consolidation_trial_balance_report,account.consolidation.trial_balance_report
account_disallowed_expenses_rate,account.disallowed.expenses.rate
account_disallowed_expenses_report,account.disallowed.expenses.report
account_edi_format,account.edi.format
account_financial_html_report_line,account.financial.html.report.line
account_fiscal_position_account,account.fiscal.position.account
account_fiscal_position_account_template,account.fiscal.position.account.template
account_fiscal_position_tax_template,account.fiscal.position.tax.template
account_followup_report,account.followup.report
account_general_ledger,account.general.ledger
account_generic_tax_report,account.generic.tax.report
account_group_template,account.group.template
account_intrastat_report,account.intrastat.report
account_invoice_report,account.invoice.report
account_invoice_extract_words,account.invoice_extract.words
account_move_line,account.move.line
account_multicurrency_revaluation,account.multicurrency.revaluation
account_online_journal,account.online.journal
account_online_link,account.online.link
account_partial_reconcile,account.partial.reconcile
account_partner_ledger,account.partner.ledger
account_payment_term_line,account.payment.term.line
account_reconcile_model_line,account.reconcile.model.line
account_reconcile_model_line_template,account.reconcile.model.line.template
account_reconcile_model_partner_mapping,account.reconcile.model.partner.mapping
account_reconcile_model_template,account.reconcile.model.template
account_reconciliation_widget,account.reconciliation.widget
account_report,account.report
account_report_footnote,account.report.footnote
account_report_manager,account.report.manager
account_root,account.root
account_sales_report,account.sales.report
account_tax_repartition_line,account.tax.repartition.line
account_tax_repartition_line_template,account.tax.repartition.line.template
account_tax_report,account.tax.report
account_tax_report_line,account.tax.report.line
account_transfer_model_line,account.transfer.model.line
account_edi_proxy_client_user,account_edi_proxy_client.user
account_followup_followup_line,account_followup.followup.line
accounting_assert_test,accounting.assert.test
adyen_account,adyen.account
adyen_address_mixin,adyen.address.mixin
adyen_id_mixin,adyen.id.mixin
adyen_terminal,adyen.terminal
barcode_rule,barcode.rule
barcodes_barcode_events_mixin,barcodes.barcode_events_mixin
base,base
base_automation_lead_test,base.automation.lead.test
base_automation_line_test,base.automation.line.test
base_automation_link_test,base.automation.link.test
base_automation_linked_test,base.automation.linked.test
base_geo_provider,base.geo_provider
base_geocoder,base.geocoder
base_import_mapping,base_import.mapping
base_import_tests_models_char,base_import.tests.models.char
base_import_tests_models_char_noreadonly,base_import.tests.models.char.noreadonly
base_import_tests_models_char_readonly,base_import.tests.models.char.readonly
base_import_tests_models_char_required,base_import.tests.models.char.required
base_import_tests_models_char_states,base_import.tests.models.char.states
base_import_tests_models_char_stillreadonly,base_import.tests.models.char.stillreadonly
base_import_tests_models_complex,base_import.tests.models.complex
base_import_tests_models_float,base_import.tests.models.float
base_import_tests_models_m2o,base_import.tests.models.m2o
base_import_tests_models_m2o_related,base_import.tests.models.m2o.related
base_import_tests_models_m2o_required,base_import.tests.models.m2o.required
base_import_tests_models_m2o_required_related,base_import.tests.models.m2o.required.related
base_import_tests_models_o2m,base_import.tests.models.o2m
base_import_tests_models_o2m_child,base_import.tests.models.o2m.child
base_import_tests_models_preview,base_import.tests.models.preview
bus_bus,bus.bus
bus_presence,bus.presence
calendar_alarm_manager,calendar.alarm_manager
calendar_attendee,calendar.attendee
calendar_contacts,calendar.contacts
calendar_recurrence,calendar.recurrence
chat_room_mixin,chat.room.mixin
consolidation_company_period,consolidation.company_period
consolidation_period,consolidation.period
consolidation_period_composition,consolidation.period.composition
coupon_reward,coupon.reward
coupon_rule,coupon.rule
crm_activity_report,crm.activity.report
crm_iap_lead_helpers,crm.iap.lead.helpers
crm_iap_lead_industry,crm.iap.lead.industry
crm_iap_lead_role,crm.iap.lead.role
crm_iap_lead_seniority,crm.iap.lead.seniority
crm_lead_scoring_frequency,crm.lead.scoring.frequency
crm_lead_scoring_frequency_field,crm.lead.scoring.frequency.field
crm_partner_report_assign,crm.partner.report.assign
crm_recurring_plan,crm.recurring.plan
crm_reveal_rule,crm.reveal.rule
crm_tag,crm.tag
data_cleaning_rule,data_cleaning.rule
data_cleaning_test_model,data_cleaning.test.model
data_merge_group,data_merge.group
data_merge_model,data_merge.model
data_merge_record,data_merge.record
data_merge_rule,data_merge.rule
decimal_precision_test,decimal.precision.test
documents_mixin,documents.mixin
domain_bool,domain.bool
easypost_service,easypost.service
edit_value,edit.value
event_question,event.question
event_question_answer,event.question.answer
event_quiz_answer,event.quiz.answer
event_type_mail,event.type.mail
export_boolean,export.boolean
export_date,export.date
export_datetime,export.datetime
export_decimal,export.decimal
export_float,export.float
export_function,export.function
export_group_operator,export.group_operator
export_group_operator_one2many,export.group_operator.one2many
export_inherits_child,export.inherits.child
export_inherits_parent,export.inherits.parent
export_integer,export.integer
export_m2o_str,export.m2o.str
export_m2o_str_child,export.m2o.str.child
export_many2many,export.many2many
export_many2many_other,export.many2many.other
export_many2one,export.many2one
export_one2many,export.one2many
export_one2many_child,export.one2many.child
export_one2many_child_1,export.one2many.child.1
export_one2many_child_2,export.one2many.child.2
export_one2many_multiple,export.one2many.multiple
export_one2many_multiple_child,export.one2many.multiple.child
export_one2many_recursive,export.one2many.recursive
export_selection,export.selection
export_selection_function,export.selection.function
export_selection_withdefault,export.selection.withdefault
export_string,export.string
export_string_bounded,export.string.bounded
export_string_required,export.string.required
export_text,export.text
export_unique,export.unique
fetchmail_server,fetchmail.server
fleet_disallowed_expenses_rate,fleet.disallowed.expenses.rate
fleet_service_type,fleet.service.type
format_address_mixin,format.address.mixin
forum_post_vote,forum.post.vote
gamification_challenge_line,gamification.challenge.line
google_calendar_sync,google.calendar.sync
google_service,google.service
helpdesk_sla_status,helpdesk.sla.status
hr_appraisal_plan,hr.appraisal.plan
hr_contract_salary_advantage_type,hr.contract.salary.advantage.type
hr_contract_salary_advantage_value,hr.contract.salary.advantage.value
hr_contract_salary_personal_info_type,hr.contract.salary.personal.info.type
hr_contract_salary_personal_info_value,hr.contract.salary.personal.info.value
hr_contract_salary_resume_category,hr.contract.salary.resume.category
hr_employee_base,hr.employee.base
hr_expense_extract_words,hr.expense.extract.words
hr_payroll_281_base_wizard,hr.payroll.281.base.wizard
hr_payslip_input,hr.payslip.input
hr_payslip_input_type,hr.payslip.input.type
hr_payslip_line,hr.payslip.line
hr_plan_activity_type,hr.plan.activity.type
hr_referral_onboarding,hr.referral.onboarding
hr_resume_line,hr.resume.line
hr_resume_line_type,hr.resume.line.type
hr_user_work_entry_employee,hr.user.work.entry.employee
iap_account,iap.account
iap_enrich_api,iap.enrich.api
image_mixin,image.mixin
interruption_timer_test,interruption.timer.test
iot_box,iot.box
iot_keyboard_layout,iot.keyboard.layout
iot_trigger,iot.trigger
ir_actions_act_url,ir.actions.act_url
ir_actions_act_window,ir.actions.act_window
ir_actions_act_window_view,ir.actions.act_window.view
ir_actions_act_window_close,ir.actions.act_window_close
ir_actions_actions,ir.actions.actions
ir_actions_client,ir.actions.client
ir_actions_report,ir.actions.report
ir_actions_server,ir.actions.server
ir_actions_todo,ir.actions.todo
ir_attachment,ir.attachment
ir_autovacuum,ir.autovacuum
ir_default,ir.default
ir_exports,ir.exports
ir_exports_line,ir.exports.line
ir_fields_converter,ir.fields.converter
ir_filters,ir.filters
ir_http,ir.http
ir_logging,ir.logging
ir_mail_server,ir.mail_server
ir_model,ir.model
ir_model_constraint,ir.model.constraint
ir_model_data,ir.model.data
ir_model_fields,ir.model.fields
ir_model_fields_selection,ir.model.fields.selection
ir_model_relation,ir.model.relation
ir_module_module_dependency,ir.module.module.dependency
ir_module_module_exclusion,ir.module.module.exclusion
ir_property,ir.property
ir_qweb,ir.qweb
ir_qweb_field,ir.qweb.field
ir_qweb_field_barcode,ir.qweb.field.barcode
ir_qweb_field_contact,ir.qweb.field.contact
ir_qweb_field_date,ir.qweb.field.date
ir_qweb_field_datetime,ir.qweb.field.datetime
ir_qweb_field_duration,ir.qweb.field.duration
ir_qweb_field_float,ir.qweb.field.float
ir_qweb_field_float_time,ir.qweb.field.float_time
ir_qweb_field_html,ir.qweb.field.html
ir_qweb_field_image,ir.qweb.field.image
ir_qweb_field_image_url,ir.qweb.field.image_url
ir_qweb_field_integer,ir.qweb.field.integer
ir_qweb_field_many2many,ir.qweb.field.many2many
ir_qweb_field_many2one,ir.qweb.field.many2one
ir_qweb_field_monetary,ir.qweb.field.monetary
ir_qweb_field_qweb,ir.qweb.field.qweb
ir_qweb_field_relative,ir.qweb.field.relative
ir_qweb_field_selection,ir.qweb.field.selection
ir_qweb_field_text,ir.qweb.field.text
ir_sequence_date_range,ir.sequence.date_range
ir_server_object_lines,ir.server.object.lines
ir_translation,ir.translation
ir_ui_menu,ir.ui.menu
ir_ui_view_custom,ir.ui.view.custom
ir_actions_account_report_download,ir_actions_account_report_download
l10n_be_report_partner_vat_intra,l10n.be.report.partner.vat.intra
l10n_be_report_partner_vat_listing,l10n.be.report.partner.vat.listing
l10n_be_attachment_salary,l10n_be.attachment.salary
l10n_be_attachment_salary_report,l10n_be.attachment.salary.report
l10n_be_dmfa,l10n_be.dmfa
l10n_be_dmfa_location_unit,l10n_be.dmfa.location.unit
l10n_be_meal_voucher_report,l10n_be.meal.voucher.report
l10n_be_work_entry_daily_benefit_report,l10n_be.work.entry.daily.benefit.report
l10n_be_reports_281_50_wizard,l10n_be_reports.281_50_wizard
l10n_us_reports_check_register,l10n_us_reports.check.register
link_tracker_code,link.tracker.code
lunch_cashmove_report,lunch.cashmove.report
lunch_product_report,lunch.product.report
lunch_topping,lunch.topping
mail_activity,mail.activity
mail_activity_mixin,mail.activity.mixin
mail_activity_type,mail.activity.type
mail_alias,mail.alias
mail_alias_mixin,mail.alias.mixin
mail_bot,mail.bot
mail_channel,mail.channel
mail_channel_github,mail.channel.github
mail_channel_partner,mail.channel.partner
mail_followers,mail.followers
mail_mail,mail.mail
mail_message,mail.message
mail_message_subtype,mail.message.subtype
mail_notification,mail.notification
mail_performance_thread,mail.performance.thread
mail_performance_tracking,mail.performance.tracking
mail_render_mixin,mail.render.mixin
mail_shortcode,mail.shortcode
mail_template,mail.template
mail_test_activity,mail.test.activity
mail_test_cc,mail.test.cc
mail_test_container,mail.test.container
mail_test_gateway,mail.test.gateway
mail_test_multi_company,mail.test.multi.company
mail_test_simple,mail.test.simple
mail_test_sms,mail.test.sms
mail_test_sms_bl,mail.test.sms.bl
mail_test_sms_bl_optout,mail.test.sms.bl.optout
mail_test_sms_partner,mail.test.sms.partner
mail_test_sms_partner_2many,mail.test.sms.partner.2many
mail_test_ticket,mail.test.ticket
mail_test_track,mail.test.track
mail_test_track_compute,mail.test.track.compute
mail_thread,mail.thread
mail_thread_blacklist,mail.thread.blacklist
mail_thread_cc,mail.thread.cc
mail_tracking_value,mail.tracking.value
mailing_list,mailing.list
mailing_mailing,mailing.mailing
mailing_performance,mailing.performance
mailing_performance_blacklist,mailing.performance.blacklist
mailing_test_blacklist,mailing.test.blacklist
mailing_test_optout,mailing.test.optout
mailing_test_simple,mailing.test.simple
mailing_test_utm,mailing.test.utm
marketing_test,marketing.test
marketing_test_sms,marketing.test.sms
marketing_test_utm,marketing.test.utm
membership_membership_line,membership.membership_line
microsoft_calendar_sync,microsoft.calendar.sync
microsoft_service,microsoft.service
mrp_bom_byproduct,mrp.bom.byproduct
mrp_bom_line,mrp.bom.line
mrp_eco_approval,mrp.eco.approval
mrp_eco_approval_template,mrp.eco.approval.template
mrp_eco_routing_change,mrp.eco.routing.change
mrp_product_forecast,mrp.product.forecast
mrp_workcenter_productivity_loss_type,mrp.workcenter.productivity.loss.type
o2m_changes_children,o2m_changes_children
o2m_changes_children_lines,o2m_changes_children.lines
o2m_changes_parent,o2m_changes_parent
o2m_readonly_subfield_child,o2m_readonly_subfield_child
o2m_readonly_subfield_parent,o2m_readonly_subfield_parent
payment_icon,payment.icon
phone_validation_mixin,phone.validation.mixin
portal_mixin,portal.mixin
pos_order_line,pos.order.line
pos_order_line_pro_forma,pos.order_line_pro_forma
pos_pack_operation_lot,pos.pack.operation.lot
product_removal,product.removal
product_template_attribute_exclusion,product.template.attribute.exclusion
product_template_attribute_line,product.template.attribute.line
product_unspsc_code,product.unspsc.code
project_sale_line_employee_map,project.sale.line.employee.map
project_task_recurrence,project.task.recurrence
publisher_warranty_contract,publisher_warranty.contract
purchase_bill_union,purchase.bill.union
purchase_requisition_line,purchase.requisition.line
rating_parent_mixin,rating.parent.mixin
repair_line,repair.line
report_account_report_hash_integrity,report.account.report_hash_integrity
report_account_report_invoice,report.account.report_invoice
report_account_report_invoice_with_payments,report.account.report_invoice_with_payments
report_account_report_journal,report.account.report_journal
report_account_batch_payment_print_batch_payment,report.account_batch_payment.print_batch_payment
report_account_followup_report_followup_print_all,report.account_followup.report_followup_print_all
report_account_test_report_accounttest,report.account_test.report_accounttest
report_all_channels_sales,report.all.channels.sales
report_base_report_irmodulereference,report.base.report_irmodulereference
report_hr_holidays_report_holidayssummary,report.hr_holidays.report_holidayssummary
report_hr_payroll_contribution_register,report.hr_payroll.contribution_register
report_industry_fsm_report_worksheet_custom,report.industry_fsm_report.worksheet_custom
report_l10n_be_hr_payroll_report_281_10,report.l10n_be_hr_payroll.report_281_10
report_l10n_be_hr_payroll_report_281_45,report.l10n_be_hr_payroll.report_281_45
report_l10n_be_hr_payroll_report_individual_account,report.l10n_be_hr_payroll.report_individual_account
report_l10n_be_hr_payroll_273s_274_273s,report.l10n_be_hr_payroll_273s_274.273s
report_l10n_be_hr_payroll_273s_274_274_10,report.l10n_be_hr_payroll_273s_274.274_10
report_l10n_be_reports_report_281_50_pdf,report.l10n_be_reports.report_281_50_pdf
report_l10n_be_reports_report_281_50_xml,report.l10n_be_reports.report_281_50_xml
report_layout,report.layout
report_mrp_report_bom_structure,report.mrp.report_bom_structure
report_mrp_account_enterprise_mrp_cost_structure,report.mrp_account_enterprise.mrp_cost_structure
report_mrp_account_enterprise_product_template_cost_structure,report.mrp_account_enterprise.product_template_cost_structure
report_paperformat,report.paperformat
report_point_of_sale_report_invoice,report.point_of_sale.report_invoice
report_point_of_sale_report_saledetails,report.point_of_sale.report_saledetails
report_product_report_pricelist,report.product.report_pricelist
report_project_task_user_fsm,report.project.task.user.fsm
report_sale_report_saleproforma,report.sale.report_saleproforma
report_stock_report_product_product_replenishment,report.stock.report_product_product_replenishment
report_stock_report_stock_rule,report.stock.report_stock_rule
res_city,res.city
res_country,res.country
res_country_group,res.country.group
res_country_state,res.country.state
res_partner_activation,res.partner.activation
res_partner_autocomplete_sync,res.partner.autocomplete.sync
res_partner_category,res.partner.category
res_partner_grade,res.partner.grade
res_partner_industry,res.partner.industry
res_partner_title,res.partner.title
res_users_apikeys,res.users.apikeys
res_users_apikeys_show,res.users.apikeys.show
res_users_log,res.users.log
resource_test,resource.test
sale_order_option,sale.order.option
sale_order_template_line,sale.order.template.line
sale_order_template_option,sale.order.template.option
sale_subscription_line,sale.subscription.line
sale_subscription_log,sale.subscription.log
sequence_mixin,sequence.mixin
sign_item_option,sign.item.option
sign_request_item_value,sign.request.item.value
sign_template_tag,sign.template.tag
slide_channel_partner,slide.channel.partner
slide_embed,slide.embed
slide_slide_link,slide.slide.link
slide_slide_partner,slide.slide.partner
slide_slide_resource,slide.slide.resource
stock_inventory_line,stock.inventory.line
stock_landed_cost_lines,stock.landed.cost.lines
stock_valuation_adjustment_lines,stock.valuation.adjustment.lines
stock_warn_insufficient_qty,stock.warn.insufficient.qty
studio_mixin,studio.mixin
survey_user_input_line,survey.user_input.line
tab_a,tab.a
tab_b,tab.b
test_another_box,test.another_box
test_another_unit,test.another_unit
test_box,test.box
test_exceptions_model,test.exceptions.model
test_inherit_child,test.inherit.child
test_inherit_daughter,test.inherit.daughter
test_inherit_mother,test.inherit.mother
test_inherit_parent,test.inherit.parent
test_inherit_property,test.inherit.property
test_limits_model,test.limits.model
test_model,test.model
test_no_populate,test.no.populate
test_pallet,test.pallet
test_populate,test.populate
test_populate_category,test.populate.category
test_populate_inherit,test.populate.inherit
test_unit,test.unit
test_unit_line,test.unit.line
test_web_grid,test.web.grid
test_web_grid_employee,test.web.grid.employee
test_web_grid_project,test.web.grid.project
test_web_grid_task,test.web.grid.task
test_access_right_container,test_access_right.container
test_access_right_obj_categ,test_access_right.obj_categ
test_access_right_parent,test_access_right.parent
test_access_right_some_obj,test_access_right.some_obj
test_access_right_ticket,test_access_right.ticket
test_convert_test_model,test_convert.test_model
test_convert_usered,test_convert.usered
test_converter_monetary,test_converter.monetary
test_converter_test_model,test_converter.test_model
test_converter_test_model_sub,test_converter.test_model.sub
test_new_api_attachment,test_new_api.attachment
test_new_api_attachment_host,test_new_api.attachment.host
test_new_api_bar,test_new_api.bar
test_new_api_binary_svg,test_new_api.binary_svg
test_new_api_cascade,test_new_api.cascade
test_new_api_category,test_new_api.category
test_new_api_city,test_new_api.city
test_new_api_company,test_new_api.company
test_new_api_company_attr,test_new_api.company.attr
test_new_api_compute_container,test_new_api.compute.container
test_new_api_compute_dynamic_depends,test_new_api.compute.dynamic.depends
test_new_api_compute_inverse,test_new_api.compute.inverse
test_new_api_compute_member,test_new_api.compute.member
test_new_api_compute_onchange,test_new_api.compute.onchange
test_new_api_compute_onchange_line,test_new_api.compute.onchange.line
test_new_api_compute_readonly,test_new_api.compute.readonly
test_new_api_compute_readwrite,test_new_api.compute.readwrite
test_new_api_compute_unassigned,test_new_api.compute.unassigned
test_new_api_compute_editable,test_new_api.compute_editable
test_new_api_compute_editable_line,test_new_api.compute_editable.line
test_new_api_country,test_new_api.country
test_new_api_creativework_book,test_new_api.creativework.book
test_new_api_creativework_edition,test_new_api.creativework.edition
test_new_api_creativework_movie,test_new_api.creativework.movie
test_new_api_discussion,test_new_api.discussion
test_new_api_display,test_new_api.display
test_new_api_emailmessage,test_new_api.emailmessage
test_new_api_field_with_caps,test_new_api.field_with_caps
test_new_api_foo,test_new_api.foo
test_new_api_inverse_m2o_ref,test_new_api.inverse_m2o_ref
test_new_api_message,test_new_api.message
test_new_api_mixed,test_new_api.mixed
test_new_api_mixin,test_new_api.mixin
test_new_api_model_a,test_new_api.model_a
test_new_api_model_active_field,test_new_api.model_active_field
test_new_api_model_b,test_new_api.model_b
test_new_api_model_binary,test_new_api.model_binary
test_new_api_model_child,test_new_api.model_child
test_new_api_model_child_m2o,test_new_api.model_child_m2o
test_new_api_model_child_nocheck,test_new_api.model_child_nocheck
test_new_api_model_image,test_new_api.model_image
test_new_api_model_many2one_reference,test_new_api.model_many2one_reference
test_new_api_model_parent,test_new_api.model_parent
test_new_api_model_parent_m2o,test_new_api.model_parent_m2o
test_new_api_model_private_address_onchange,test_new_api.model_private_address_onchange
test_new_api_model_selection_base,test_new_api.model_selection_base
test_new_api_model_selection_non_stored,test_new_api.model_selection_non_stored
test_new_api_model_selection_required,test_new_api.model_selection_required
test_new_api_model_selection_required_for_write_override,test_new_api.model_selection_required_for_write_override
test_new_api_model_shared_cache_compute_line,test_new_api.model_shared_cache_compute_line
test_new_api_model_shared_cache_compute_parent,test_new_api.model_shared_cache_compute_parent
test_new_api_monetary_base,test_new_api.monetary_base
test_new_api_monetary_custom,test_new_api.monetary_custom
test_new_api_monetary_inherits,test_new_api.monetary_inherits
test_new_api_monetary_order,test_new_api.monetary_order
test_new_api_monetary_order_line,test_new_api.monetary_order_line
test_new_api_monetary_related,test_new_api.monetary_related
test_new_api_move,test_new_api.move
test_new_api_move_line,test_new_api.move_line
test_new_api_multi,test_new_api.multi
test_new_api_multi_line,test_new_api.multi.line
test_new_api_multi_line2,test_new_api.multi.line2
test_new_api_multi_tag,test_new_api.multi.tag
test_new_api_multi_compute_inverse,test_new_api.multi_compute_inverse
test_new_api_one2many,test_new_api.one2many
test_new_api_one2many_line,test_new_api.one2many.line
test_new_api_payment,test_new_api.payment
test_new_api_recursive,test_new_api.recursive
test_new_api_recursive_tree,test_new_api.recursive.tree
test_new_api_related,test_new_api.related
test_new_api_req_m2o,test_new_api.req_m2o
test_new_api_selection,test_new_api.selection
test_new_api_state_mixin,test_new_api.state_mixin
test_new_api_trigger_left,test_new_api.trigger.left
test_new_api_trigger_middle,test_new_api.trigger.middle
test_new_api_trigger_right,test_new_api.trigger.right
test_performance_bacon,test_performance.bacon
test_performance_base,test_performance.base
test_performance_eggs,test_performance.eggs
test_performance_line,test_performance.line
test_performance_tag,test_performance.tag
test_read_group_aggregate,test_read_group.aggregate
test_read_group_aggregate_boolean,test_read_group.aggregate.boolean
test_read_group_fill_temporal,test_read_group.fill_temporal
test_read_group_on_date,test_read_group.on_date
test_read_group_on_selection,test_read_group.on_selection
test_read_group_order,test_read_group.order
test_read_group_order_line,test_read_group.order.line
test_rpc_model_a,test_rpc.model_a
test_rpc_model_b,test_rpc.model_b
test_search_panel_category_target_model,test_search_panel.category_target_model
test_search_panel_category_target_model_no_parent_name,test_search_panel.category_target_model_no_parent_name
test_search_panel_filter_target_model,test_search_panel.filter_target_model
test_search_panel_source_model,test_search_panel.source_model
test_testing_utilities_a,test_testing_utilities.a
test_testing_utilities_c,test_testing_utilities.c
test_testing_utilities_d,test_testing_utilities.d
test_testing_utilities_default,test_testing_utilities.default
test_testing_utilities_e,test_testing_utilities.e
test_testing_utilities_f,test_testing_utilities.f
test_testing_utilities_g,test_testing_utilities.g
test_testing_utilities_m2o,test_testing_utilities.m2o
test_testing_utilities_onchange_count,test_testing_utilities.onchange_count
test_testing_utilities_onchange_count_sub,test_testing_utilities.onchange_count_sub
test_testing_utilities_onchange_line,test_testing_utilities.onchange_line
test_testing_utilities_onchange_parent,test_testing_utilities.onchange_parent
test_testing_utilities_parent,test_testing_utilities.parent
test_testing_utilities_readonly,test_testing_utilities.readonly
test_testing_utilities_recursive,test_testing_utilities.recursive
test_testing_utilities_req_bool,test_testing_utilities.req_bool
test_testing_utilities_sub,test_testing_utilities.sub
test_testing_utilities_sub2,test_testing_utilities.sub2
test_testing_utilities_sub3,test_testing_utilities.sub3
test_uninstall_model,test_uninstall.model
theme_ir_attachment,theme.ir.attachment
theme_ir_ui_view,theme.ir.ui.view
theme_utils,theme.utils
theme_website_menu,theme.website.menu
timer_mixin,timer.mixin
timer_test,timer.test
ttu_child,ttu.child
ttu_grandchild,ttu.grandchild
ttu_product,ttu.product
ttu_root,ttu.root
utm_mixin,utm.mixin
utm_stage,utm.stage
voip_queue_mixin,voip.queue.mixin
web_cohort_simple_model,web.cohort.simple.model
web_cohort_type,web.cohort.type
web_editor_assets,web_editor.assets
web_editor_converter_test,web_editor.converter.test
web_editor_converter_test_sub,web_editor.converter.test.sub
web_tour_tour,web_tour.tour
website_cover_properties_mixin,website.cover_properties.mixin
website_mass_mailing_popup,website.mass_mailing.popup
website_multi_mixin,website.multi.mixin
website_published_mixin,website.published.mixin
website_published_multi_mixin,website.published.multi.mixin
website_route,website.route
website_sale_extra_field,website.sale.extra.field
website_snippet_filter,website.snippet.filter
website_track,website.track
website_twitter_wall,website.twitter.wall
website_visitor,website.visitor
x_project_worksheet_template_1,x_project_worksheet_template_1
x_project_worksheet_template_2,x_project_worksheet_template_2
user_sign_in_details,user.sign.in.details
user_audit,user.audit
user_audit_logs,user.audit.logs